Tx,Px,Hx,D,Ty_true,Ty_pred,Py_true,Py_pred,Hy_true,Hy_pred
30.0,1200.0,65,2.209072203437452,20.65637166713664,20.689298770390252,1014.973697499418,1015.8281995899331,38.550823057716535,37.811817202137185
30.0,1200.0,65,5.028916384272064,20.00027801714486,20.017171568010255,1013.2500005774416,1013.3734493160745,30.28132814989356,30.416708241492046
30.0,1200.0,65,2.3086792761230392,20.543671948760323,20.531058763129558,1014.4661764989424,1013.9127841980805,37.82906672494445,37.811817202137185
30.0,1200.0,65,2.6,20.30260280020472,20.343061157918143,1013.6576836047024,1013.3734493160745,35.97054265050045,36.28986956097674
30.0,1200.0,65,1.077032961426901,23.694375231247776,23.65687507812369,1051.409689070042,1048.662359459517,49.95963274858137,49.35556599598441
30.0,1200.0,65,5.780138406647371,20.0000145891924,20.017171568010255,1013.250000001798,1013.3734493160745,30.081059711341503,30.416708241492046
30.0,1200.0,65,1.562049935181331,21.93016128249736,22.07503038791134,1025.5077408837767,1025.6198964850355,44.36235465608927,44.054059662450626
30.0,1200.0,65,1.9646882704388504,21.015802851260727,21.050795760457376,1017.0953040127072,1017.3432792262429,40.51554130971866,39.74198969929586
30.0,1200.0,65,3.6138621999185294,20.02599160237186,20.017171568010255,1013.2538351761988,1013.3734493160745,31.98879242235305,32.42680423100353
30.0,1200.0,65,1.40356688476182,22.42146247263822,22.45878778546718,1031.5707814908308,1032.637853014732,46.08092216856318,46.09102811803995
30.0,1200.0,65,1.5811388300841898,21.876323299948844,21.795650773804372,1024.904585417706,1024.259535452508,44.162986667455016,43.493084569091636
30.0,1200.0,65,3.0000000000000004,20.12419330651552,20.169178223961058,1013.325998289258,1013.3734493160745,33.98462043023303,33.61694889339753
30.0,1200.0,65,1.61245154965971,21.790423037644544,21.663056967095365,1023.9684716948868,1024.259535452508,43.8395581107899,43.493084569091636
30.0,1200.0,65,2.1213203435596424,20.77099871743542,20.769170889648354,1015.5693099991774,1015.8281995899331,39.22433670490405,39.74198969929586
30.0,1200.0,65,5.371219600798314,20.000076048669133,20.017171568010255,1013.2500000457712,1013.3734493160745,30.162469810365565,30.416708241492046
30.0,1200.0,65,1.4317821063276357,22.328099452093248,22.212038487913556,1030.3435936649053,1031.0121568201423,45.76679173416144,46.09102811803995
30.0,1200.0,65,4.539823785126467,20.00154833316835,20.017171568010255,1013.2500164042604,1013.3734493160745,30.58537628113751,30.416708241492046
30.0,1200.0,65,4.632493928760188,20.00113196184313,20.017171568010255,1013.2500089195788,1013.3734493160745,30.511868758633728,30.416708241492046
30.0,1200.0,65,2.9000000000000004,20.156633536428977,20.169178223961058,1013.3679450846334,1013.3734493160745,34.424166892079185,34.83293337265724
30.0,1200.0,65,3.0,20.12419330651552,20.169178223961058,1013.325998289258,1013.3734493160745,33.98462043023303,33.61694889339753
30.0,1200.0,65,3.605551275463989,20.026590754081333,20.017171568010255,1013.2540067522908,1013.3734493160745,32.00881664964412,32.42680423100353
30.0,1200.0,65,5.1613951602255765,20.00016990429948,20.017171568010255,1013.2500002206064,1013.3734493160745,30.22828356972634,30.416708241492046
30.0,1200.0,65,1.9723082923316024,21.0026087059182,21.050795760457376,1017.0045581093344,1017.3432792262429,40.4500657687944,39.74198969929586
30.0,1200.0,65,1.3038404810405295,22.7724292451452,22.738975722222946,1036.4804974971848,1034.3020900172469,47.21883152303441,46.635461648241794
30.0,1200.0,65,2.6248809496813377,20.28713278459002,20.277969114573473,1013.619471138068,1013.3734493160745,35.82861698039953,36.28986956097674
30.0,1200.0,65,1.6492422502470645,21.693272972120628,21.663056967095365,1022.9493460014468,1021.4378660767861,43.46530461659352,43.493084569091636
30.0,1200.0,65,3.8288379438153295,20.01419294113317,20.017171568010255,1013.2511974351823,1013.3734493160745,31.52578607058475,31.29492544541037
30.0,1200.0,65,1.897366596101028,21.13846298006658,21.136995469814117,1017.9836117630172,1019.4616723368224,41.10586777520199,41.52869500493418
30.0,1200.0,65,3.190611226708764,20.078409564438896,20.017171568010255,1013.281709587021,1013.3734493160745,33.242626651107244,33.61694889339753
30.0,1200.0,65,2.024845673131659,20.915319607223843,20.950597132682113,1016.428242049202,1015.8281995899331,40.006053167065645,39.74198969929586
30.0,1200.0,65,0.806225774829855,25.016761300923733,25.13374541603745,1077.1255922451537,1077.959497838558,53.48136836482828,54.31814584175962
30.0,1200.0,65,5.189412298131649,20.00015287109765,20.017171568010255,1013.2500001794392,1013.3734493160745,30.21829088744709,30.416708241492046
30.0,1200.0,65,4.301162633521314,20.00337980591499,20.017171568010255,1013.2500746956736,1013.3734493160745,30.818846602207906,30.61164935247398
30.0,1200.0,65,1.6278820596099708,21.74918393486302,21.663056967095365,1023.530681694187,1024.259535452508,43.6818318996783,43.493084569091636
30.0,1200.0,65,2.6627053911388696,20.264920887228605,20.219463102834084,1013.5676400826168,1013.3734493160745,35.61773951895533,35.89126908932085
30.0,1200.0,65,4.588027898781785,20.00131647178432,20.017171568010255,1013.2500119657934,1013.3734493160745,30.546058062874334,30.416708241492046
30.0,1200.0,65,2.5495097567963927,20.336207167463645,20.409757636073024,1013.746582332469,1013.3734493160745,36.266480631755904,36.28986956097674
30.0,1200.0,65,1.2369316876852985,23.02645684767145,23.031968849469557,1040.3124618044496,1040.4178747993924,48.00584194201674,48.50177007105321
30.0,1200.0,65,4.197618372363072,20.004687342236185,20.017171568010255,1013.2501407888324,1013.3734493160745,30.943013435848272,31.29492544541037
30.0,1200.0,65,2.3000000000000003,20.55280292586021,20.531058763129558,1014.5043335476144,1014.4684401528051,37.89016789067764,37.811817202137185
30.0,1200.0,65,1.838477631085024,21.25506471437469,21.239641155039095,1018.9011072938232,1019.4616723368224,41.63973142151213,41.52869500493418
30.0,1200.0,65,3.2,20.076607611351797,20.017171568010255,1013.2803358278386,1013.3734493160745,33.20915985423002,33.61694889339753
30.0,1200.0,65,2.7658633371878665,20.21172952486148,20.169178223961058,1013.4583550487616,1013.3734493160745,35.07194732613515,34.83293337265724
30.0,1200.0,65,3.753664875824692,20.017596781053417,20.017171568010255,1013.2518116307014,1013.3734493160745,31.67610315531186,31.29492544541037
30.0,1200.0,65,4.244997055358225,20.00403937939292,20.017171568010255,1013.250105532977,1013.3734493160745,30.88431325871132,31.064526083418745
30.0,1200.0,65,3.0870698080866266,20.1009499889577,20.169178223961058,1013.301282865836,1013.3734493160745,33.63058547185232,33.61694889339753
30.0,1200.0,65,2.2671568097509267,20.58851997587279,20.609284835774226,1014.6586530353668,1014.4684401528051,38.12446071271911,37.811817202137185
30.0,1200.0,65,3.847076812334269,20.01346420129946,20.017171568010255,1013.2510817575406,1013.3734493160745,31.49108276804653,31.29492544541037
30.0,1200.0,65,2.5942243542145698,20.306294602702984,20.343061157918143,1013.6670570033548,1013.3734493160745,36.003855253724794,36.28986956097674
30.0,1200.0,65,5.491812087098393,20.00004727969548,20.017171568010255,1013.250000018042,1013.3734493160745,30.132942798470463,30.416708241492046
30.0,1200.0,65,2.0223748416156684,20.919283207525613,20.950597132682113,1016.4534974231066,1015.8281995899331,40.02664500432961,39.74198969929586
30.0,1200.0,65,3.5510561809129406,20.03084253561445,20.017171568010255,1013.255326418464,1013.3734493160745,32.14430954985267,32.42680423100353
30.0,1200.0,65,2.4041630560342617,20.45126948888676,20.409757636073024,1014.1102699001884,1013.3734493160745,37.17911883616918,37.811817202137185
30.0,1200.0,65,2.0,20.955807045456297,20.950597132682113,1016.690331928553,1015.8281995899331,40.2144190800326,39.74198969929586
30.0,1200.0,65,2.831960451701259,20.18276558665613,20.169178223961058,1013.407871938158,1013.3734493160745,34.74420372699809,34.83293337265724
30.0,1200.0,65,2.080865204668481,20.829084424747688,20.852302486650675,1015.90067582856,1015.8281995899331,39.54685186172907,39.74198969929586
30.0,1200.0,65,4.49221548904324,20.001814652760007,20.017171568010255,1013.2500223327764,1013.3734493160745,30.626626606661336,30.416708241492046
30.0,1200.0,65,3.905124837953328,20.011368389527053,20.017171568010255,1013.2507805845604,1013.3734493160745,31.385044963581624,31.29492544541037
30.0,1200.0,65,5.366563145999496,20.00007744216431,20.017171568010255,1013.2500000474276,1013.3734493160745,30.163720724336656,30.416708241492046
30.0,1200.0,65,3.522782990761708,20.03328469680705,20.017171568010255,1013.2561646521408,1013.3734493160745,32.21753583557499,32.42680423100353
30.0,1200.0,65,4.992995093127972,20.000317094113683,20.017171568010255,1013.2500007465134,1013.3734493160745,30.297496473678702,30.416708241492046
30.0,1200.0,65,0.948683298050514,24.29195300440349,24.36442996456414,1062.4684251325953,1062.834647252741,51.59762771081908,51.39037396336002
30.0,1200.0,65,2.7586228448267445,20.215133237911004,20.169178223961058,1013.4647107218964,1013.3734493160745,35.10887862034512,34.83293337265724
30.0,1200.0,65,2.8017851452243803,20.195527760647373,20.169178223961058,1013.429317651296,1013.3734493160745,34.89174009116972,34.83293337265724
30.0,1200.0,65,3.944616584663205,20.01011959525558,20.017171568010255,1013.2506235803736,1013.3734493160745,31.316621794310908,31.29492544541037
30.0,1200.0,65,2.5317977802344327,20.348728735947056,20.409757636073024,1013.7817466805608,1013.3734493160745,36.37283927747583,36.28986956097674
30.0,1200.0,65,3.2557641192199416,20.06664959256341,20.017171568010255,1013.2732633322988,1013.3734493160745,33.01606638927294,32.73297318048496
30.0,1200.0,65,1.6492422502470645,21.693272972120628,21.663056967095365,1022.9493460014468,1021.4378660767861,43.46530461659352,43.493084569091636
30.0,1200.0,65,2.529822128134704,20.350149810196623,20.409757636073024,1013.7858068139204,1013.3734493160745,36.38478538081075,36.28986956097674
30.0,1200.0,65,3.104834939252005,20.09671380081016,20.129023893838667,1013.2972700276576,1013.3734493160745,33.561517271325755,33.61694889339753
30.0,1200.0,65,2.6925824035672523,20.24844070681056,20.169178223961058,1013.5315227870448,1013.3734493160745,35.455286789925964,35.18165182019436
30.0,1200.0,65,4.328972164382672,20.00309189170068,20.017171568010255,1013.2500628488872,1013.3734493160745,30.788018654510047,30.61164935247398
30.0,1200.0,65,4.318564576337836,20.0031968423398,20.017171568010255,1013.2500670529791,1013.3734493160745,30.79943568548672,30.61164935247398
30.0,1200.0,65,2.118962010041709,20.77429127405826,20.769170889648354,1015.58756906316,1015.8281995899331,39.24292885907224,39.74198969929586
30.0,1200.0,65,2.98328677803526,20.129161716340484,20.169178223961058,1013.331865545628,1013.3734493160745,34.0555898356587,33.61694889339753
30.0,1200.0,65,2.8425340807103794,20.17846942957498,20.169178223961058,1013.4009381792602,1013.3734493160745,34.69332714271011,34.83293337265724
30.0,1200.0,65,0.7810249675906655,25.151406478050852,25.13374541603745,1079.9831230800132,1080.7067051775964,53.82121070353684,54.31814584175962
30.0,1200.0,65,1.044030650891055,23.842864457203497,24.056520966327657,1054.0635839185843,1054.3068085071966,50.375117748203465,51.39037396336002
30.0,1200.0,65,2.668332812825267,20.261746495520843,20.219463102834084,1013.560527418638,1013.3734493160745,35.586864819382725,35.89126908932085
30.0,1200.0,65,2.6248809496813377,20.28713278459002,20.277969114573473,1013.619471138068,1013.3734493160745,35.82861698039953,36.28986956097674
30.0,1200.0,65,1.2727922061357857,22.888443663464848,22.872970417593205,1038.2024896739183,1036.4586857841714,47.58172340261758,47.306737860958044
30.0,1200.0,65,1.9646882704388504,21.015802851260727,21.050795760457376,1017.0953040127072,1017.3432792262429,40.51554130971866,39.74198969929586
30.0,1200.0,65,2.692582403567252,20.24844070681056,20.169178223961058,1013.5315227870448,1013.3734493160745,35.45528678992597,35.18165182019436
30.0,1200.0,65,2.5000000000000004,20.37220850379773,20.409757636073024,1013.8506308236664,1013.3734493160745,36.56713154982095,36.28986956097674
30.0,1200.0,65,3.3541019662496847,20.05188607552316,20.017171568010255,1013.2644221040606,1013.3734493160745,32.698495511023964,32.42680423100353
30.0,1200.0,65,4.220189569201839,20.004367422149866,20.017171568010255,1013.2501227709936,1013.3734493160745,30.914641838679884,31.29492544541037
30.0,1200.0,65,2.529822128134704,20.350149810196623,20.409757636073024,1013.7858068139204,1013.3734493160745,36.38478538081075,36.28986956097674
30.0,1200.0,65,4.830113870293329,20.000569523452533,20.017171568010255,1013.2500023401124,1013.3734493160745,30.381713116949133,30.416708241492046
30.0,1200.0,65,4.071854614300467,20.00690781092828,20.017171568010255,1013.2502981977632,1013.3734493160745,31.11539840990676,31.29492544541037
30.0,1200.0,65,4.9,20.000443942721805,20.017171568010255,1013.2500014396156,1013.3734493160745,30.343279148808328,30.416708241492046
30.0,1200.0,65,4.019950248448356,20.008082365689965,20.017171568010255,1013.25040395937,1013.3734493160745,31.19405455195734,31.29492544541037
30.0,1200.0,65,2.4166091947189146,20.44026230048653,20.409757636073024,1014.0716019932842,1013.3734493160745,37.097377301744814,37.47657336693062
30.0,1200.0,65,4.83735464897913,20.000555095944808,20.017171568010255,1013.2500022259204,1013.3734493160745,30.37756072391346,30.416708241492046
30.0,1200.0,65,4.548626166217664,20.001503311338908,20.017171568010255,1013.2500154895348,1013.3734493160745,30.578016255386046,30.416708241492046
30.0,1200.0,65,4.965883607174055,20.00034998575793,20.017171568010255,1013.2500009051314,1013.3734493160745,30.31024445418611,30.416708241492046
30.0,1200.0,65,4.2296571965113205,20.004239397034205,20.017171568010255,1013.2501158940746,1013.3734493160745,30.902962648208025,31.29492544541037
30.0,1200.0,65,5.192301994298868,20.00015120999596,20.017171568010255,1013.2500001756464,1013.3734493160745,30.21728297535479,30.416708241492046
30.0,1200.0,65,5.008991914547277,20.00029908760778,20.017171568010255,1013.250000665984,1013.3734493160745,30.2901963213434,30.416708241492046
30.0,1200.0,65,4.801041553663122,20.0006311056758,20.017171568010255,1013.2500028586614,1013.3734493160745,30.39879682790051,30.416708241492046
30.0,1200.0,65,2.9154759474226504,20.15117025346805,20.169178223961058,1013.3602837880176,1013.3734493160745,34.35377463133317,34.83293337265724
30.0,1200.0,65,5.745432968889291,20.000016856849424,20.017171568010255,1013.2500000023877,1013.3734493160745,30.086131241841752,30.416708241492046
30.0,1200.0,65,1.565247584249853,21.921064408679424,22.07503038791134,1025.4049461725242,1025.6198964850355,44.32884201734716,44.054059662450626
30.0,1200.0,65,4.825971404805462,20.00057793644836,20.017171568010255,1013.2500024079808,1013.3734493160745,30.38410691825839,30.416708241492046
30.0,1200.0,65,2.751363298439521,20.218593637082957,20.169178223961058,1013.4712626132674,1013.3734493160745,35.14611338919128,34.83293337265724
30.0,1200.0,65,3.397057550292606,20.046419945818734,20.017171568010255,1013.261656922047,1013.3734493160745,32.5686003259847,32.42680423100353
30.0,1200.0,65,4.373785545725808,20.002675776724686,20.017171568010255,1013.2500474780106,1013.3734493160745,30.740462833812384,30.416708241492046
30.0,1200.0,65,3.220248437620924,20.072847180869346,20.017171568010255,1013.2775613955328,1013.3734493160745,33.13792797243091,33.61694889339753
30.0,1200.0,65,2.3769728648009427,20.476125041014846,20.466073467270434,1014.2005360852664,1013.3734493160745,37.360069926375175,37.811817202137185
30.0,1200.0,65,2.5000000000000004,20.37220850379773,20.409757636073024,1013.8506308236664,1013.3734493160745,36.56713154982095,36.28986956097674
30.0,1200.0,65,2.209072203437452,20.65637166713664,20.689298770390252,1014.973697499418,1015.8281995899331,38.550823057716535,37.811817202137185
30.0,1200.0,65,2.0615528128088303,20.858037879700262,20.852302486650675,1016.073104483516,1015.8281995899331,39.70350235800818,39.74198969929586
30.0,1200.0,65,3.649657518178932,20.023549542516943,20.017171568010255,1013.2531729627927,1013.3734493160745,31.90443637970605,32.42680423100353
30.0,1200.0,65,3.21403173599764,20.073983701978623,20.017171568010255,1013.2783867086804,1013.3734493160745,33.15966096383479,33.61694889339753
30.0,1200.0,65,3.114482300479488,20.09448036483618,20.090329905982035,1013.2952161670077,1013.3734493160745,33.524450396514816,33.61694889339753
30.0,1200.0,65,4.527692569068709,20.00161246404573,20.017171568010255,1013.2500177510497,1013.3734493160745,30.595654467052604,30.416708241492046
30.0,1200.0,65,0.1,29.335864962947557,28.927303023130758,1182.480163742233,1182.5793157813669,63.528853813194665,61.440059302827486
30.0,1200.0,65,1.9026297590440449,21.1284714699928,21.136995469814117,1017.908270311368,1019.4616723368224,41.0589482442983,41.52869500493418
30.0,1200.0,65,3.984971769034255,20.00897566800605,20.017171568010255,1013.2504946483788,1013.3734493160745,31.24969520585075,31.29492544541037
30.0,1200.0,65,2.302172886644268,20.550505043865435,20.531058763129558,1014.4946811411218,1014.4684401528051,37.874839145377614,37.811817202137185
30.0,1200.0,65,2.5019992006393608,20.37069360999765,20.409757636073024,1013.8460712396394,1013.3734493160745,36.554788571068265,36.28986956097674
30.0,1200.0,65,1.2806248474865698,22.858872333447326,22.872970417593205,1037.7590321648204,1036.4586857841714,47.48979569979285,47.306737860958044
30.0,1200.0,65,1.392838827718412,22.457643192766177,22.45878778546718,1032.0554603299754,1032.637853014732,46.20127502027159,46.09102811803995
30.0,1200.0,65,2.280350850198276,20.573947614184032,20.531058763129558,1014.594721582636,1014.4684401528051,38.029751962039136,37.811817202137185
30.0,1200.0,65,4.716990566028303,20.000846547090823,20.017171568010255,1013.250005066214,1013.3734493160745,30.45206600719169,30.416708241492046
30.0,1200.0,65,1.969771560359221,21.00698582757566,21.050795760457376,1017.0345580144829,1017.3432792262429,40.471832512995626,39.74198969929586
30.0,1200.0,65,2.12602916254693,20.764458696381844,20.769170889648354,1015.5332301398944,1015.8281995899331,39.18729150215958,39.74198969929586
30.0,1200.0,65,4.99799959983992,20.000311353019804,20.017171568010255,1013.2500007203524,1013.3734493160745,30.29519520860934,30.416708241492046
30.0,1200.0,65,1.8027756377319943,21.33016284728008,21.239641155039095,1019.5286688523836,1019.4616723368224,41.97132920257229,41.52869500493418
30.0,1200.0,65,2.1095023109728985,20.78761361822309,20.769170889648354,1015.6620950526584,1015.8281995899331,39.317764958547855,39.74198969929586
30.0,1200.0,65,3.82099463490856,20.014517364319968,20.017171568010255,1013.2512507388328,1013.3734493160745,31.540918051702857,31.29492544541037
30.0,1200.0,65,3.306055050963308,20.058683906540463,20.017171568010255,1013.268246284936,1013.3734493160745,32.85007735192151,32.42680423100353
30.0,1200.0,65,2.831960451701259,20.18276558665613,20.169178223961058,1013.407871938158,1013.3734493160745,34.74420372699809,34.83293337265724
30.0,1200.0,65,3.111269837220809,20.095218911840988,20.090329905982035,1013.295890596652,1013.3734493160745,33.536758957389345,33.61694889339753
30.0,1200.0,65,2.5179356624028344,20.35880443041961,20.409757636073024,1013.8108376748912,1013.3734493160745,36.45700950696699,36.28986956097674
30.0,1200.0,65,5.032891812864648,20.000273985499646,20.017171568010255,1013.2500005612007,1013.3734493160745,30.27958804355669,30.416708241492046
30.0,1200.0,65,2.402082429892863,20.4531320146076,20.409757636073024,1014.1168924881648,1013.3734493160745,37.19285010339018,37.811817202137185
30.0,1200.0,65,1.60312195418814,21.815705322659426,21.663056967095365,1024.2406105494242,1024.259535452508,43.93545335626004,43.493084569091636
30.0,1200.0,65,4.972926703662544,20.000341142546574,20.017171568010255,1013.2500008610256,1013.3734493160745,30.30688666869302,30.416708241492046
30.0,1200.0,65,4.588027898781784,20.00131647178432,20.017171568010255,1013.2500119657934,1013.3734493160745,30.546058062874337,30.416708241492046
30.0,1200.0,65,2.8653097563788807,20.16951493846147,20.169178223961058,1013.3869519361892,1013.3734493160745,34.58517288859171,34.83293337265724
30.0,1200.0,65,4.368065933568311,20.002725798697103,20.017171568010255,1013.2500492157424,1013.3734493160745,30.746389852459934,30.416708241492046
30.0,1200.0,65,4.512205669071391,20.001697969853872,20.017171568010255,1013.2500196266012,1013.3734493160745,30.609005658083856,30.416708241492046
30.0,1200.0,65,4.570557952810575,20.00139643812084,20.017171568010255,1013.2500134200844,1013.3734493160745,30.56003067949235,30.416708241492046
30.0,1200.0,65,4.049691346263318,20.0073884711033,20.017171568010255,1013.2503396168588,1013.3734493160745,31.14842409999022,31.29492544541037
30.0,1200.0,65,5.24785670536077,20.00012243064812,20.017171568010255,1013.2500001162276,1013.3734493160745,30.19870312483557,30.416708241492046
30.0,1200.0,65,4.78539444560216,20.00066680780084,20.017171568010255,1013.2500031823064,1013.3734493160745,30.408269655306547,30.416708241492046
30.0,1200.0,65,3.3241540277189325,20.05603420592495,20.017171568010255,1013.266705226142,1013.3734493160745,32.79218556889974,32.42680423100353
30.0,1200.0,65,5.1478150704935,20.000178797143207,20.017171568010255,1013.250000243742,1013.3734493160745,30.23327357397196,30.416708241492046
30.0,1200.0,65,4.6389654018972815,20.00110723606904,20.017171568010255,1013.2500085443216,1013.3734493160745,30.507053570115385,30.416708241492046
30.0,1200.0,65,2.6248809496813377,20.28713278459002,20.277969114573473,1013.619471138068,1013.3734493160745,35.82861698039953,36.28986956097674
30.0,1200.0,65,4.604345773288536,20.00124569383126,20.017171568010255,1013.2500107461092,1013.3734493160745,30.533284886722157,30.416708241492046
30.0,1200.0,65,1.565247584249853,21.921064408679424,22.07503038791134,1025.4049461725242,1025.6198964850355,44.32884201734716,44.054059662450626
30.0,1200.0,65,1.063014581273465,23.7570079602679,23.65687507812369,1052.521230250016,1048.662359459517,50.13562441030299,49.989579330987326
30.0,1200.0,65,4.522167621838006,20.001642492352158,20.017171568010255,1013.2500183993276,1013.3734493160745,30.60038773659293,30.416708241492046
30.0,1200.0,65,1.3,22.78660494899244,22.738975722222946,1036.6883335409473,1034.3020900172469,47.26350013987619,46.635461648241794
30.0,1200.0,65,2.4698178070456938,20.395727132451896,20.409757636073024,1013.9234403398008,1013.3734493160745,36.75556448874077,36.28986956097674
30.0,1200.0,65,2.202271554554524,20.66472166515537,20.689298770390252,1015.0144208133156,1015.8281995899331,38.60175117468162,37.811817202137185
30.0,1200.0,65,3.921734310225516,20.010826754095135,20.017171568010255,1013.2507104149892,1013.3734493160745,31.35590823369812,31.29492544541037
30.0,1200.0,65,1.5297058540778354,22.02396015972959,22.07503038791134,1026.5883307310498,1027.3016491187836,44.7039437842724,44.054059662450626
30.0,1200.0,65,4.509988913511872,20.001710552294,20.017171568010255,1013.2500199102824,1013.3734493160745,30.610938025708723,30.416708241492046
30.0,1200.0,65,5.458937625582473,20.000053872078094,20.017171568010255,1013.2500000232998,1013.3734493160745,30.14046625884465,30.416708241492046
30.0,1200.0,65,2.0615528128088303,20.858037879700262,20.852302486650675,1016.073104483516,1015.8281995899331,39.70350235800818,39.74198969929586
30.0,1200.0,65,2.683281572999748,20.25347318677468,20.169178223961058,1013.542338871682,1013.3734493160745,35.50547224675998,35.18165182019436
30.0,1200.0,65,1.6552945357246849,21.677677266249702,21.663056967095365,1022.789717952596,1021.4378660767861,43.40433593874087,43.493084569091636
30.0,1200.0,65,3.4,20.04606532263392,20.017171568010255,1013.2614871587734,1013.3734493160745,32.55989298806181,32.42680423100353
30.0,1200.0,65,2.570992026436488,20.32153802796768,20.409757636073024,1013.706790064126,1013.3734493160745,36.13926017590287,36.28986956097674
30.0,1200.0,65,5.325410782277739,20.000090865142656,20.017171568010255,1013.2500000648522,1013.3734493160745,30.175160787536417,30.416708241492046
30.0,1200.0,65,1.1661903789690602,23.311374592689702,23.325195583364682,1044.8718727543528,1044.6745017482128,48.85782283062244,48.50177007105321
30.0,1200.0,65,0.8544003745317532,24.764645827504843,24.734672503367015,1071.8844541665271,1071.8473052611735,52.83707946737721,52.779728608570494
30.0,1200.0,65,2.56124969497314,20.328121171425774,20.409757636073024,1013.7244598561532,1013.3734493160745,36.196714548812594,36.28986956097674
30.0,1200.0,65,5.162363799656124,20.00016928636381,20.017171568010255,1013.2500002190404,1013.3734493160745,30.22793133848987,30.416708241492046
30.0,1200.0,65,0.6403124237432849,25.936226772983268,26.002900933218715,1097.377095895847,1100.0182673689385,55.75157895000687,56.19212716705545
30.0,1200.0,65,3.342154993413681,20.053506404837936,20.017171568010255,1013.2652950622008,1013.3734493160745,32.735558976143885,32.42680423100353
30.0,1200.0,65,4.4,20.002457327799306,20.017171568010255,1013.250040243544,1013.3734493160745,30.71381940641816,30.416708241492046
30.0,1200.0,65,3.622154055254967,20.02540615026255,20.017171568010255,1013.2536709798356,1013.3734493160745,31.96897993399796,32.42680423100353
30.0,1200.0,65,3.4365680554879168,20.04185833485821,20.017171568010255,1013.2595634913548,1013.3734493160745,32.45368180918521,32.42680423100353
30.0,1200.0,65,4.237924020083418,20.004130484181744,20.017171568010255,1013.2501101942988,1013.3734493160745,30.89287045356005,31.064526083418745
30.0,1200.0,65,2.912043955712208,20.152367110492044,20.169178223961058,1013.3619416823764,1013.3734493160745,34.36930914877706,34.83293337265724
30.0,1200.0,65,3.5440090293338704,20.03143546465636,20.017171568010255,1013.2555245800792,1013.3734493160745,32.16237136017449,32.42680423100353
30.0,1200.0,65,2.9,20.156633536428977,20.169178223961058,1013.3679450846334,1013.3734493160745,34.424166892079185,34.83293337265724
30.0,1200.0,65,0.6000000000000001,26.17075077451974,26.002900933218715,1102.7966478184137,1100.0182673689385,56.314037191604726,56.19212716705545
30.0,1200.0,65,2.08806130178211,20.818500482636207,20.852302486650675,1015.838843070908,1015.8281995899331,39.48892632724392,39.74198969929586
30.0,1200.0,65,1.315294643796591,22.730442607790764,22.579484389396757,1035.8691620784873,1034.3020900172469,47.08597731783494,46.635461648241794
30.0,1200.0,65,4.440720662234904,20.00215089828249,20.017171568010255,1013.250031072304,1013.3734493160745,30.674090498608336,30.416708241492046
30.0,1200.0,65,4.031128874149276,20.007814752448844,20.017171568010255,1013.25037850989,1013.3734493160745,31.17672508612276,31.29492544541037
30.0,1200.0,65,4.294182110716778,20.003455915768438,20.017171568010255,1013.2500779919704,1013.3734493160745,30.82674721120025,30.61164935247398
30.0,1200.0,65,2.220360331117452,20.642702829160385,20.689298770390252,1014.9079515533576,1015.8281995899331,38.466757556556416,37.811817202137185
30.0,1200.0,65,2.3000000000000003,20.55280292586021,20.531058763129558,1014.5043335476144,1014.4684401528051,37.89016789067764,37.811817202137185
30.0,1200.0,65,2.56320112359526,20.32679337499603,20.409757636073024,1013.7208712355044,1013.3734493160745,36.18517423873939,36.28986956097674
30.0,1200.0,65,0.806225774829855,25.016761300923733,25.13374541603745,1077.1255922451537,1077.959497838558,53.48136836482828,54.31814584175962
30.0,1200.0,65,4.244997055358225,20.00403937939292,20.017171568010255,1013.250105532977,1013.3734493160745,30.88431325871132,31.064526083418745
30.0,1200.0,65,2.701851217221259,20.24351186791744,20.169178223961058,1013.5211117786754,1013.3734493160745,35.405620198022085,35.18165182019436
30.0,1200.0,65,1.91049731745428,21.11366483659145,21.136995469814117,1017.797584133358,1017.3432792262429,40.98905432839865,41.52869500493418
30.0,1200.0,65,3.9597979746446663,20.00967428450248,20.017171568010255,1013.250571689086,1013.3734493160745,31.291094899746746,31.29492544541037
30.0,1200.0,65,3.269556544854363,20.064373493818177,20.017171568010255,1013.271771246898,1013.3734493160745,32.969784623663294,32.73297318048496
30.0,1200.0,65,2.147091055358389,20.735757624215637,20.689298770390252,1015.3778659317264,1015.8281995899331,39.02285176443324,39.74198969929586
30.0,1200.0,65,3.189043743820395,20.07871407722383,20.017171568010255,1013.2819445640904,1013.3734493160745,33.24824122981659,33.61694889339753
30.0,1200.0,65,3.04138126514911,20.11261294506521,20.169178223961058,1013.3131178754624,1013.3734493160745,33.81310953503632,33.61694889339753
30.0,1200.0,65,1.5,22.112995473337108,22.07503038791134,1027.6484010481065,1027.3016491187836,45.02183551541222,44.696830852734394
30.0,1200.0,65,1.4422205101855958,22.294214846296896,22.212038487913556,1029.9066841533972,1031.0121568201423,45.65146385903648,46.09102811803995
30.0,1200.0,65,1.61245154965971,21.790423037644544,21.663056967095365,1023.9684716948868,1024.259535452508,43.8395581107899,43.493084569091636
30.0,1200.0,65,2.596150997149434,20.305058812865177,20.343061157918143,1013.6639084922152,1013.3734493160745,35.99272738828907,36.28986956097674
30.0,1200.0,65,2.7730849247724096,20.2083815233287,20.169178223961058,1013.4521896327268,1013.3734493160745,35.03531652977021,34.83293337265724
30.0,1200.0,65,4.41021541423999,20.0023768223602,20.017171568010255,1013.2500377232768,1013.3734493160745,30.70366550911219,30.416708241492046
30.0,1200.0,65,5.056678751908213,20.00025099960773,20.017171568010255,1013.2500004729228,1013.3734493160745,30.269376042452105,30.416708241492046
30.0,1200.0,65,5.0,20.000309085937648,20.017171568010255,1013.2500007101468,1013.3734493160745,30.29427981020373,30.416708241492046
30.0,1200.0,65,2.5495097567963927,20.336207167463645,20.409757636073024,1013.746582332469,1013.3734493160745,36.266480631755904,36.28986956097674
30.0,1200.0,65,2.701851217221259,20.24351186791744,20.169178223961058,1013.5211117786754,1013.3734493160745,35.405620198022085,35.18165182019436
30.0,1200.0,65,3.671511950137164,20.02216377468355,20.017171568010255,1013.2528238466743,1013.3734493160745,31.85441682397961,31.85732420740465
30.0,1200.0,65,2.6400757564888173,20.278024162870327,20.219463102834084,1013.597781372085,1013.3734493160745,35.74319922509783,35.89126908932085
30.0,1200.0,65,4.609772228646444,20.001222962682167,20.017171568010255,1013.2500103678808,1013.3734493160745,30.529095887138176,30.416708241492046
30.0,1200.0,65,2.6627053911388696,20.264920887228605,20.219463102834084,1013.5676400826168,1013.3734493160745,35.61773951895533,35.89126908932085
30.0,1200.0,65,4.716990566028302,20.000846547090823,20.017171568010255,1013.250005066214,1013.3734493160745,30.45206600719169,30.416708241492046
30.0,1200.0,65,1.47648230602334,22.185466341021925,22.212038487913556,1028.5354965132312,1027.3016491187836,45.27631512453464,46.09102811803995
30.0,1200.0,65,0.670820393249937,25.76150122030579,25.77605367301578,1093.4022223572351,1092.509035915906,55.32857634411171,54.31814584175962
30.0,1200.0,65,4.648655719667784,20.001071162747262,20.017171568010255,1013.2500080108806,1013.3734493160745,30.49991803818573,30.416708241492046
30.0,1200.0,65,2.7459060435491964,20.221226733333317,20.169178223961058,1013.4763089932668,1013.3734493160745,35.17424043335652,34.83293337265724
30.0,1200.0,65,2.720294101747089,20.2339561720594,20.169178223961058,1013.5014439592674,1013.3734493160745,35.30781761407158,34.83293337265724
30.0,1200.0,65,1.7000000000000002,21.56580407089635,21.5558103086543,1021.6774577049604,1021.4378660767861,42.95924543128272,43.493084569091636
30.0,1200.0,65,3.448187929913334,20.04059640048763,20.017171568010255,1013.2590190929798,1013.3734493160745,32.4206991591433,32.42680423100353
30.0,1200.0,65,2.302172886644268,20.550505043865435,20.531058763129558,1014.4946811411218,1014.4684401528051,37.874839145377614,37.811817202137185
30.0,1200.0,65,4.579301256742125,20.00135586154024,20.017171568010255,1013.2500126720528,1013.3734493160745,30.5529988958122,30.416708241492046
30.0,1200.0,65,2.920616373302047,20.14939309282996,20.169178223961058,1013.3578433094968,1013.3734493160745,34.33058771509777,34.83293337265724
30.0,1200.0,65,2.973213749463701,20.13224038251235,20.169178223961058,1013.3356031870488,1013.3734493160745,34.09884047420469,33.61694889339753
30.0,1200.0,65,3.195309061734092,20.07750323353544,20.017171568010255,1013.2810150481844,1013.3734493160745,33.225846099593504,33.61694889339753
30.0,1200.0,65,0.5099019513592785,26.708962389950937,26.841935656286743,1115.568420059779,1116.003788258907,57.58449003621543,57.727143680084744
30.0,1200.0,65,2.202271554554524,20.66472166515537,20.689298770390252,1015.0144208133156,1015.8281995899331,38.60175117468162,37.811817202137185
30.0,1200.0,65,2.147091055358389,20.735757624215637,20.689298770390252,1015.3778659317264,1015.8281995899331,39.02285176443324,39.74198969929586
30.0,1200.0,65,2.6248809496813377,20.28713278459002,20.277969114573473,1013.619471138068,1013.3734493160745,35.82861698039953,36.28986956097674
30.0,1200.0,65,2.459674775249769,20.403908854461594,20.409757636073024,1013.9496553090632,1013.3734493160745,36.819772701310434,36.28986956097674
30.0,1200.0,65,5.069516742254631,20.000239368432656,20.017171568010255,1013.2500004310588,1013.3734493160745,30.26400458494156,30.416708241492046
30.0,1200.0,65,4.3,20.00339237249301,20.017171568010255,1013.2500752351948,1013.3734493160745,30.820157913478777,30.61164935247398
30.0,1200.0,65,1.4212670403551897,22.36259033288557,22.33197533051115,1030.7929773364017,1031.0121568201423,45.88345168072569,46.09102811803995
30.0,1200.0,65,1.1313708498984762,23.457785861511603,23.325195583364682,1047.3173905676117,1046.5073357559836,49.28447456547827,48.50177007105321
30.0,1200.0,65,4.4294469180700204,20.00223193484465,20.017171568010255,1013.2500333862556,1013.3734493160745,30.68489143483665,30.416708241492046
30.0,1200.0,65,1.5811388300841898,21.876323299948844,21.795650773804372,1024.904585417706,1024.259535452508,44.162986667455016,43.493084569091636
30.0,1200.0,65,5.000999900019995,20.00030795862527,20.017171568010255,1013.2500007050984,1013.3734493160745,30.29382320071418,30.416708241492046
30.0,1200.0,65,2.9,20.156633536428977,20.169178223961058,1013.3679450846334,1013.3734493160745,34.424166892079185,34.83293337265724
30.0,1200.0,65,4.148493702538308,20.00546066593985,20.017171568010255,1013.2501892252798,1013.3734493160745,31.00739917081959,31.29492544541037
30.0,1200.0,65,1.341640786499874,22.63552477282973,22.579484389396757,1034.5107961527433,1034.3020900172469,46.78250427654336,46.635461648241794
30.0,1200.0,65,0.5385164807134505,26.536021028539604,26.41173882552541,1111.416663699718,1111.6442880583852,57.179108119584086,57.727143680084744
30.0,1200.0,65,1.8788294228055935,21.17420930787411,21.136995469814117,1018.2574269481564,1019.4616723368224,41.2721590425306,41.52869500493418
30.0,1200.0,65,4.531004303683677,20.00159471306381,20.017171568010255,1013.2500173731208,1013.3734493160745,30.592832999064115,30.416708241492046
30.0,1200.0,65,4.527692569068709,20.00161246404573,20.017171568010255,1013.2500177510497,1013.3734493160745,30.595654467052604,30.416708241492046
30.0,1200.0,65,3.744329045369811,20.0180682760651,20.017171568010255,1013.2519062194372,1013.3734493160745,31.695612082067782,31.29492544541037
30.0,1200.0,65,4.110960958218893,20.006129897689725,20.017171568010255,1013.2502366689783,1013.3734493160745,31.05910980071651,31.29492544541037
30.0,1200.0,65,4.518849411078002,20.00166077901924,20.017171568010255,1013.2500187996278,1013.3734493160745,30.603246308108197,30.416708241492046
30.0,1200.0,65,2.716615541441225,20.235835706687983,20.169178223961058,1013.5052584917822,1013.3734493160745,35.32721664254963,34.83293337265724
30.0,1200.0,65,3.397057550292606,20.046419945818734,20.017171568010255,1013.261656922047,1013.3734493160745,32.5686003259847,32.42680423100353
30.0,1200.0,65,1.726267650163207,21.50276253993451,21.5558103086543,1021.0764439499692,1021.4378660767861,42.702056352409,43.493084569091636
30.0,1200.0,65,3.1384709652950438,20.089124979247128,20.05308959127914,1013.2904662025124,1013.3734493160745,33.433613666286874,33.61694889339753
30.0,1200.0,65,3.106444913401814,20.09633783887409,20.129023893838667,1013.29692130025,1013.3734493160745,33.555309979412534,33.61694889339753
30.0,1200.0,65,2.6076809620810595,20.297752397279364,20.343061157918143,1013.6455171571776,1013.3734493160745,35.92645540242219,36.28986956097674
30.0,1200.0,65,1.140175425099138,23.420379772163518,23.325195583364682,1046.686150228012,1046.5073357559836,49.17614298309116,48.50177007105321
30.0,1200.0,65,4.080441152620633,20.006729531028288,20.017171568010255,1013.2502834941246,1013.3734493160745,31.102824145628546,31.29492544541037
30.0,1200.0,65,1.5000000000000002,22.112995473337108,22.07503038791134,1027.6484010481065,1027.3016491187836,45.02183551541222,44.696830852734394
30.0,1200.0,65,2.5806975801127883,20.315092613036725,20.343061157918143,1013.689787706504,1013.3734493160745,36.082418802597,36.28986956097674
30.0,1200.0,65,2.4083189157584592,20.44756858217881,20.409757636073024,1014.097178866716,1013.3734493160745,37.15174895556344,37.811817202137185
30.0,1200.0,65,4.850773134253962,20.00052926981953,20.017171568010255,1013.2500020284484,1013.3734493160745,30.36997162386155,30.416708241492046
30.0,1200.0,65,3.4,20.04606532263392,20.017171568010255,1013.2614871587734,1013.3734493160745,32.55989298806181,32.42680423100353
30.0,1200.0,65,1.6763054614240211,21.62437263312533,21.5558103086543,1022.252534158706,1021.4378660767861,43.19399497505945,43.493084569091636
30.0,1200.0,65,5.556977595779923,20.000036422979505,20.017171568010255,1013.25000001082,1013.3734493160745,30.11910164715329,30.416708241492046
30.0,1200.0,65,3.7656340767525465,20.01700883976529,20.017171568010255,1013.2516969065392,1013.3734493160745,31.651367594198444,31.29492544541037
30.0,1200.0,65,4.738143096192854,20.00078657992685,20.017171568010255,1013.2500043906664,1013.3734493160745,30.43809861960161,30.416708241492046
30.0,1200.0,65,3.488552708502482,20.036476477289487,20.017171568010255,1013.2573474854556,1013.3734493160745,32.30894351167705,32.42680423100353
30.0,1200.0,65,2.247220505424423,20.611120679943998,20.689298770390252,1014.760430450302,1015.1233845286434,38.269066165099495,37.811817202137185
30.0,1200.0,65,2.4738633753705965,20.39250330467693,20.409757636073024,1013.9132360528392,1013.3734493160745,36.73007919890319,36.28986956097674
30.0,1200.0,65,2.751363298439521,20.218593637082957,20.169178223961058,1013.4712626132674,1013.3734493160745,35.14611338919128,34.83293337265724
30.0,1200.0,65,3.104834939252005,20.09671380081016,20.129023893838667,1013.2972700276576,1013.3734493160745,33.561517271325755,33.61694889339753
30.0,1200.0,65,2.863564212655271,20.17018699058646,20.169178223961058,1013.387979697854,1013.3734493160745,34.593392909069394,34.83293337265724
30.0,1200.0,65,3.584689665786984,20.0281507353028,20.017171568010255,1013.2544702054798,1013.3734493160745,32.059819915554755,32.42680423100353
30.0,1200.0,65,3.195309061734092,20.07750323353544,20.017171568010255,1013.2810150481844,1013.3734493160745,33.225846099593504,33.61694889339753
30.0,1200.0,65,2.7294688127912363,20.229324974378383,20.169178223961058,1013.4921581032792,1013.3734493160745,35.25966888977078,34.83293337265724
30.0,1200.0,65,3.606937759374287,20.026489930319777,20.017171568010255,1013.253977629822,1013.3734493160745,32.005464469603936,32.42680423100353
30.0,1200.0,65,2.6400757564888173,20.278024162870327,20.219463102834084,1013.597781372085,1013.3734493160745,35.74319922509783,35.89126908932085
30.0,1200.0,65,1.044030650891055,23.842864457203497,24.056520966327657,1054.0635839185843,1054.3068085071966,50.375117748203465,51.39037396336002
30.0,1200.0,65,1.5,22.112995473337108,22.07503038791134,1027.6484010481065,1027.3016491187836,45.02183551541222,44.696830852734394
30.0,1200.0,65,4.78539444560216,20.00066680780084,20.017171568010255,1013.2500031823064,1013.3734493160745,30.408269655306547,30.416708241492046
30.0,1200.0,65,4.215447781671599,20.00443289055413,20.017171568010255,1013.2501263614132,1013.3734493160745,30.920540187436405,31.29492544541037
30.0,1200.0,65,3.982461550347976,20.009043171748853,20.017171568010255,1013.250501858834,1013.3734493160745,31.253771928780434,31.29492544541037
30.0,1200.0,65,3.905124837953327,20.011368389527053,20.017171568010255,1013.2507805845604,1013.3734493160745,31.385044963581624,31.29492544541037
30.0,1200.0,65,3.9115214431215897,20.01115689685471,20.017171568010255,1013.2507528086176,1013.3734493160745,31.37376156636925,31.29492544541037
30.0,1200.0,65,3.3241540277189325,20.05603420592495,20.017171568010255,1013.266705226142,1013.3734493160745,32.79218556889974,32.42680423100353
30.0,1200.0,65,1.2041594578792296,23.15635969988555,23.205835840306325,1042.3578516576763,1042.685893665986,48.39803603475302,48.50177007105321
30.0,1200.0,65,4.332435804486895,20.00305768573755,20.017171568010255,1013.2500615070752,1013.3734493160745,30.784250634130142,30.61164935247398
30.0,1200.0,65,3.858756276314948,20.013015842303552,20.017171568010255,1013.2510133851132,1013.3734493160745,31.46921254610453,31.29492544541037
30.0,1200.0,65,3.721558813185679,20.019267362270348,20.017171568010255,1013.252157105316,1013.3734493160745,31.743995755288,31.571594466654407
30.0,1200.0,65,5.1478150704935,20.000178797143207,20.017171568010255,1013.250000243742,1013.3734493160745,30.23327357397196,30.416708241492046
30.0,1200.0,65,5.43783044972901,20.000058559301458,20.017171568010255,1013.2500000274364,1013.3734493160745,30.14549836704124,30.416708241492046
30.0,1200.0,65,2.968164415931166,20.133807908119724,20.169178223961058,1013.3375361162608,1013.3734493160745,34.12065667645103,33.61694889339753
30.0,1200.0,65,3.0000000000000004,20.12419330651552,20.169178223961058,1013.325998289258,1013.3734493160745,33.98462043023303,33.61694889339753
30.0,1200.0,65,4.301162633521313,20.00337980591499,20.017171568010255,1013.2500746956736,1013.3734493160745,30.818846602207906,30.61164935247398
30.0,1200.0,65,1.456021977856104,22.249954041536466,22.212038487913556,1029.3428685199065,1029.2039073505086,45.49971851401325,46.09102811803995
30.0,1200.0,65,2.0591260281974,20.861733254077983,20.852302486650675,1016.0954557884388,1015.8281995899331,39.72331011930243,39.74198969929586
30.0,1200.0,65,3.1400636936215167,20.08877919964432,20.05308959127914,1013.2901680254256,1013.3734493160745,33.427649385956684,33.61694889339753
30.0,1200.0,65,3.036445290137796,20.11394195082872,20.169178223961058,1013.3145392269756,1013.3734493160745,33.83325546756978,33.61694889339753
30.0,1200.0,65,2.193171219946131,20.67603195439215,20.689298770390252,1015.0702567537732,1015.8281995899331,38.670233167957534,37.811817202137185
30.0,1200.0,65,3.269556544854363,20.064373493818177,20.017171568010255,1013.271771246898,1013.3734493160745,32.969784623663294,32.73297318048496
30.0,1200.0,65,4.742362280551751,20.000775109237534,20.017171568010255,1013.250004266794,1013.3734493160745,30.435358778352764,30.416708241492046
30.0,1200.0,65,3.606937759374287,20.026489930319777,20.017171568010255,1013.253977629822,1013.3734493160745,32.005464469603936,32.42680423100353
30.0,1200.0,65,4.545327270945405,20.001520037948087,20.017171568010255,1013.2500158264093,1013.3734493160745,30.580765017390377,30.416708241492046
30.0,1200.0,65,1.0295630140987,23.90909482847952,24.056520966327657,1055.2678917256935,1054.3068085071966,50.55852406623736,51.39037396336002
30.0,1200.0,65,4.741307836451879,20.000777961036672,20.017171568010255,1013.25000429743,1013.3734493160745,30.436042083963542,30.416708241492046
30.0,1200.0,65,2.545584412271571,20.33894853524689,20.409757636073024,1013.754186914814,1013.3734493160745,36.28993732076499,36.28986956097674
30.0,1200.0,65,2.37065391822594,20.482063408766056,20.466073467270434,1014.222703253356,1013.3734493160745,37.40259122344674,37.811817202137185
30.0,1200.0,65,5.119570294468081,20.000198733856365,20.017171568010255,1013.250000299686,1013.3734493160745,30.2439674121219,30.416708241492046
30.0,1200.0,65,4.606517122512409,20.001236550771026,20.017171568010255,1013.2500105931866,1013.3734493160745,30.531605202823897,30.416708241492046
30.0,1200.0,65,1.5000000000000002,22.112995473337108,22.07503038791134,1027.6484010481065,1027.3016491187836,45.02183551541222,44.696830852734394
30.0,1200.0,65,2.4166091947189146,20.44026230048653,20.409757636073024,1014.0716019932842,1013.3734493160745,37.097377301744814,37.47657336693062
30.0,1200.0,65,3.2015621187164247,20.07631142776409,20.017171568010255,1013.280112766054,1013.3734493160745,33.20361862528344,33.61694889339753
30.0,1200.0,65,1.61245154965971,21.790423037644544,21.663056967095365,1023.9684716948868,1024.259535452508,43.8395581107899,43.493084569091636
30.0,1200.0,65,3.18276609256791,20.07994427241928,20.017171568010255,1013.2829021431536,1013.3734493160745,33.270805454383805,33.61694889339753
30.0,1200.0,65,4.6141087980237305,20.001205078735232,20.017171568010255,1013.2500100749236,1013.3734493160745,30.52576909535793,30.416708241492046
30.0,1200.0,65,2.8284271247461903,20.18422125454099,20.169178223961058,1013.410254034449,1013.3734493160745,34.761299483995025,34.83293337265724
30.0,1200.0,65,3.1384709652950438,20.089124979247128,20.05308959127914,1013.2904662025124,1013.3734493160745,33.433613666286874,33.61694889339753
30.0,1200.0,65,2.570992026436488,20.32153802796768,20.409757636073024,1013.706790064126,1013.3734493160745,36.13926017590287,36.28986956097674
30.0,1200.0,65,2.2561028345356955,20.60096399676531,20.609284835774226,1014.7142986158964,1015.1233845286434,38.20441603990817,37.811817202137185
